model,model_path,layer,num_cases,num_response_tokens,mean_entropy,std_entropy,mean_normalized_entropy,std_normalized_entropy,mean_sink_ratio,std_sink_ratio,mean_max_frame_ratio,std_max_frame_ratio,mean_video_attention_mass,std_video_attention_mass
Video-KTR,/data1/liugengyuan/models/Video-KTR,0.0,100.0,100.0,2.063444139957428,0.004751243266275052,0.9923068827390671,0.002284865175906877,0.07345562668517232,0.02511796865772828,0.536955460011959,0.07420573218009142,0.3826360422372818,0.10759793329210561
Video-KTR,/data1/liugengyuan/models/Video-KTR,1.0,100.0,100.0,2.0509285163879394,0.006722671767866743,0.9862881416082382,0.003232922610291819,0.0729346582479775,0.029503387859343432,0.6619924154877662,0.08017347899502078,0.3924490828812122,0.07406313394109805
Video-KTR,/data1/liugengyuan/models/Video-KTR,2.0,100.0,100.0,2.068490786552429,0.004223679901546111,0.994733806848526,0.002031162846865658,0.1733522441238165,0.05038399740573292,0.4551132361590862,0.07344056664449007,0.23541502512991427,0.05953684183742244
Video-KTR,/data1/liugengyuan/models/Video-KTR,3.0,100.0,100.0,2.0611418318748473,0.0059762288686985455,0.9911997067928314,0.0028739588599552826,0.13754863560199737,0.04263373464582628,0.5569579407572747,0.08004666659259833,0.33010919094085694,0.07188930534742545
Video-KTR,/data1/liugengyuan/models/Video-KTR,4.0,100.0,100.0,2.0751086950302122,0.0034519437589743012,0.9979163485765458,0.0016600337396603776,0.1773615213483572,0.04666040970559004,0.3165580090880394,0.08067410627012375,0.09039914235472679,0.023478086292868825
Video-KTR,/data1/liugengyuan/models/Video-KTR,5.0,100.0,100.0,2.0774235200881956,0.0022090411044627003,0.9990295445919037,0.0010623270470124543,0.17817055463790893,0.05240431985106733,0.23674037516117097,0.06553574740775296,0.121124522164464,0.028894246401535255
Video-KTR,/data1/liugengyuan/models/Video-KTR,6.0,100.0,100.0,2.0483738493919375,0.008926126382212235,0.9850596076250077,0.004292561514229332,0.06477535779587924,0.023689934279374943,0.6812901408970355,0.09184002677531376,0.18826294597238302,0.06339118257240989
Video-KTR,/data1/liugengyuan/models/Video-KTR,7.0,100.0,100.0,2.076088342666626,0.0029824503362427873,0.9983874624967575,0.0014342541194310443,0.1570612359046936,0.04315356231942065,0.2931138192117214,0.07586894457886333,0.060366983711719516,0.018061944591737388
Video-KTR,/data1/liugengyuan/models/Video-KTR,8.0,100.0,100.0,2.0766437101364135,0.0025155899041056644,0.9986545336246491,0.0012097423920357645,0.19196573689579963,0.05917683478196335,0.27013208612799644,0.07010715155384005,0.05950798861682415,0.018170733068754445
Video-KTR,/data1/liugengyuan/models/Video-KTR,9.0,100.0,100.0,2.0774280405044556,0.001326998574274461,0.9990317207574845,0.0006381534133716967,0.2374643687158823,0.05730180544997203,0.25504941657185554,0.04907154621102158,0.12641556829214096,0.02632991852097293
Video-KTR,/data1/liugengyuan/models/Video-KTR,10.0,100.0,100.0,2.0715746307373046,0.004906820324337435,0.996216824054718,0.0023596852798984107,0.14514388985931873,0.04363876887653604,0.39904246866703036,0.09898273228659196,0.0683935509249568,0.022551557195931857
Video-KTR,/data1/liugengyuan/models/Video-KTR,11.0,100.0,100.0,2.0703159260749815,0.005917154441105346,0.9956115132570267,0.0028455529086439477,0.1296344877779484,0.05526787915455748,0.42073984861373903,0.10775543698957968,0.05726514182984829,0.023056792883422498
Video-KTR,/data1/liugengyuan/models/Video-KTR,12.0,100.0,100.0,2.0780728793144227,0.0013560310715171825,0.9993418222665786,0.0006521122450789492,0.1335362185910344,0.047119447171437304,0.2262467536330223,0.051858873206929015,0.07926232866942882,0.01818406666170207
Video-KTR,/data1/liugengyuan/models/Video-KTR,13.0,100.0,100.0,2.0749229192733765,0.0027037070617612984,0.9978270095586776,0.0013002081708731433,0.12282906912267208,0.05109905189326414,0.3382567930221558,0.0730456832767668,0.1242784608900547,0.03513165541432048
Video-KTR,/data1/liugengyuan/models/Video-KTR,14.0,100.0,100.0,2.0783324360847475,0.0008894687310727496,0.9994666397571563,0.00042774283582981297,0.15532124072313308,0.05764554912253612,0.2122445984184742,0.04394450084061385,0.06984865687787532,0.011941715642041169
Video-KTR,/data1/liugengyuan/models/Video-KTR,15.0,100.0,100.0,2.0588701248168944,0.006288233131404437,0.990107244849205,0.003024001674761615,0.05740602619946003,0.030364253038771143,0.5869432520866394,0.08188435942364973,0.08566181942820549,0.0261088435299357
Video-KTR,/data1/liugengyuan/models/Video-KTR,16.0,100.0,100.0,2.0769359159469603,0.0020335368781047164,0.9987950563430786,0.000977925553894529,0.10424284424632788,0.051926656008452345,0.2636738629639149,0.06717910338618605,0.029611314004287122,0.009755225191156753
Video-KTR,/data1/liugengyuan/models/Video-KTR,17.0,100.0,100.0,2.0762200236320494,0.0025389161600162273,0.9984507840871811,0.0012209611020754223,0.10011271491646767,0.04861318379022137,0.29353818312287333,0.07620631590978316,0.0453709738701582,0.016271386480903777
Video-KTR,/data1/liugengyuan/models/Video-KTR,18.0,100.0,100.0,2.07654926776886,0.0022093569511836054,0.9986091202497482,0.001062475292444249,0.07533621611073613,0.03448468666766728,0.28607998743653296,0.0671860719183487,0.06931345658376813,0.02416506651098228
Video-KTR,/data1/liugengyuan/models/Video-KTR,19.0,100.0,100.0,2.07675076007843,0.00202802890740676,0.9987060135602951,0.0009752760439323155,0.11299674097448588,0.04393869585264614,0.2819232887029648,0.07133529860506424,0.09447957653552294,0.027088729220332113
Video-KTR,/data1/liugengyuan/models/Video-KTR,20.0,100.0,100.0,2.0776950526237488,0.0012994427364814043,0.999160121679306,0.0006248975179488217,0.13439217075705528,0.04029129862431865,0.24959912583231925,0.05414833759774946,0.07670237958431243,0.021623963902789017
Video-KTR,/data1/liugengyuan/models/Video-KTR,21.0,100.0,100.0,2.0723872876167295,0.004184663192260768,0.9966076320409775,0.0020123961214671107,0.12940294045954942,0.0433320204090301,0.38922365128993985,0.09401687694322236,0.11799203887581826,0.036224744729857414
Video-KTR,/data1/liugengyuan/models/Video-KTR,22.0,100.0,100.0,2.0777848958969116,0.0013939828112799584,0.999203332066536,0.0006703650594015502,0.1795857821404934,0.04490908486830701,0.23284914955496788,0.05701301599263684,0.1079482901841402,0.03039027639236021
Video-KTR,/data1/liugengyuan/models/Video-KTR,23.0,100.0,100.0,2.0765394043922423,0.002508992556791071,0.998604371547699,0.0012065704980974681,0.1236013738065958,0.04137654823397525,0.2846298575401306,0.07482781673085942,0.06594782399013638,0.025771055477491527
Video-KTR,/data1/liugengyuan/models/Video-KTR,24.0,100.0,100.0,2.06777081489563,0.0068782335851723855,0.994387571811676,0.0033077289603309183,0.10139659710228444,0.033044591838905325,0.46584955632686614,0.11081568717649515,0.13378925193101168,0.051412199646173044
Video-KTR,/data1/liugengyuan/models/Video-KTR,25.0,100.0,100.0,2.0778790140151977,0.001035715305382783,0.9992485922574997,0.0004980763992600522,0.14709877207875252,0.03216819151550485,0.23840330451726913,0.049271281190636985,0.1130355991050601,0.032950322741680554
Video-KTR,/data1/liugengyuan/models/Video-KTR,26.0,100.0,100.0,2.078150699138641,0.0011261444273570527,0.9993792456388474,0.0005415636854195141,0.11970653980970383,0.03711269912840418,0.224389209151268,0.051356100540875735,0.12720210935920476,0.05577968291156761
Video-KTR,/data1/liugengyuan/models/Video-KTR,27.0,100.0,100.0,2.0784012293815612,0.0008856100191894979,0.9994997215270996,0.00042588533970000725,0.15068997621536254,0.03912137266869268,0.20907560378313064,0.044864757478362355,0.20745862141251564,0.0737814333813738
OneThinker,/data1/liugengyuan/models/OneThinker,0.0,100.0,154.0,2.07758434176445,0.0007363206755713102,0.999106881916523,0.00035409791109000584,0.10624732242897153,0.03471351617408519,0.24204468682408334,0.03041897800194923,0.12721435971558093,0.03830567196409805
OneThinker,/data1/liugengyuan/models/OneThinker,1.0,100.0,154.0,2.0781156885623933,0.0008388676752237802,0.9993624088168144,0.0004034090174702859,0.1052010508067906,0.024861121933636727,0.23503300294280052,0.033844784870841416,0.10445915205404162,0.02970494827578141
OneThinker,/data1/liugengyuan/models/OneThinker,2.0,100.0,154.0,2.0783738565444945,0.0007338325135986823,0.9994865578413009,0.0003528970989681668,0.19058250430971385,0.04776978373855156,0.212465692833066,0.035886367462539655,0.10407923620194197,0.02598501421097089
OneThinker,/data1/liugengyuan/models/OneThinker,3.0,100.0,154.0,2.078032397031784,0.0010688204423274237,0.9993223521113396,0.0005139929096899095,0.20376626804471015,0.05999509579007802,0.22772037975490092,0.04747371423807075,0.05210311258211732,0.011112427552351764
OneThinker,/data1/liugengyuan/models/OneThinker,4.0,100.0,154.0,2.078288470506668,0.0006037314964501406,0.9994454979896545,0.0002903325218765223,0.1784552325308323,0.044453042025299004,0.21619022905826568,0.03262551658426633,0.04293418844230473,0.007575662743257676
OneThinker,/data1/liugengyuan/models/OneThinker,5.0,100.0,154.0,2.0784465205669402,0.0008739099999291819,0.9995215031504631,0.00042026063729212553,0.1724131391942501,0.04825540908181645,0.20899528212845325,0.04062107351384449,0.049378118570894004,0.010983570720116334
OneThinker,/data1/liugengyuan/models/OneThinker,6.0,100.0,154.0,2.078489445447922,0.0007761161857327834,0.9995421451330185,0.00037323312917342244,0.18136094979941844,0.039195759149556385,0.20653782829642295,0.035599047805622286,0.05505139505490661,0.01191412482114302
OneThinker,/data1/liugengyuan/models/OneThinker,7.0,100.0,154.0,2.0778860545158384,0.001397795568554741,0.9992519778013229,0.0006721947536130756,0.20156437054276466,0.05488112860085113,0.2285313768684864,0.049297460403751714,0.02011812198907137,0.004916757524807002
OneThinker,/data1/liugengyuan/models/OneThinker,8.0,100.0,154.0,2.0770944452285764,0.0014159600485072524,0.9988712912797928,0.0006809319512105043,0.2522578459233046,0.05562423597722939,0.2662910958379507,0.04725643213625642,0.03262147793546319,0.008859066721438982
OneThinker,/data1/liugengyuan/models/OneThinker,9.0,100.0,154.0,2.0770285868644716,0.0017805551108700142,0.9988396215438843,0.0008562644355992103,0.24366921447217466,0.05883367080987025,0.26968658551573754,0.05421065402357322,0.028592634573578836,0.007358620571515164
OneThinker,/data1/liugengyuan/models/OneThinker,10.0,100.0,154.0,2.0768975031375887,0.0015127493658372933,0.9987765827775001,0.0007274791297506413,0.20026795137673617,0.04574378544913671,0.2640005946159363,0.04970461048109059,0.03613295937888324,0.008024502026418573
OneThinker,/data1/liugengyuan/models/OneThinker,11.0,100.0,154.0,2.076390221118927,0.0019791979712150813,0.9985326331853867,0.000951793052400905,0.22385332383215428,0.06570255973375876,0.27604543350636956,0.05597094684768236,0.02294912504963577,0.004147425938534707
OneThinker,/data1/liugengyuan/models/OneThinker,12.0,100.0,154.0,2.0755176043510435,0.002046304829928024,0.9981129938364028,0.0009840670553681536,0.2959307839721441,0.06920162566477321,0.31131766475737094,0.05514487272453933,0.04257618702016771,0.00761765853887975
OneThinker,/data1/liugengyuan/models/OneThinker,13.0,100.0,154.0,2.07621347784996,0.0032808705521489368,0.998447639644146,0.0015777681717844725,0.22331593899056315,0.08184711989210203,0.2781574483215809,0.08089398196441648,0.038784874128177764,0.010491069358498972
OneThinker,/data1/liugengyuan/models/OneThinker,14.0,100.0,154.0,2.077582377195358,0.0022126288019657116,0.9991059359908104,0.0010640499445716532,0.1491565062943846,0.042963019603283976,0.23742229036986828,0.06356229698724751,0.03967130981385708,0.007565461949811293
OneThinker,/data1/liugengyuan/models/OneThinker,15.0,100.0,154.0,2.0778437650203703,0.002099296828514996,0.9992316403985023,0.0010095504854885308,0.13868475873023273,0.03802286862979637,0.22557492561638356,0.06406265500708774,0.049685069303959606,0.011164333167956734
OneThinker,/data1/liugengyuan/models/OneThinker,16.0,100.0,154.0,2.077379788160324,0.0022866119244628613,0.9990085142850876,0.0010996275199830435,0.1470440474152565,0.03397887996531257,0.2492670388519764,0.06490500729438851,0.051974291428923604,0.009797703090048876
OneThinker,/data1/liugengyuan/models/OneThinker,17.0,100.0,154.0,2.0731249928474424,0.0030836545622985752,0.996962388753891,0.001482924769127402,0.3515309266373515,0.09268882946183338,0.37068319879472256,0.06967920276729707,0.07078912140801549,0.015609903397333313
OneThinker,/data1/liugengyuan/models/OneThinker,18.0,100.0,154.0,2.0764901638031006,0.0014823507235917697,0.9985806947946548,0.0007128613939822984,0.26333180628716946,0.0707092391890079,0.28537319391965865,0.04910299151591761,0.16285804651677607,0.035136453688068905
OneThinker,/data1/liugengyuan/models/OneThinker,19.0,100.0,154.0,2.072323931455612,0.0033780571277437495,0.9965771600604058,0.0016245034247770675,0.36532502844929693,0.104076322761656,0.3915409316122532,0.06693356000647045,0.08122134851291776,0.015248658704412619
OneThinker,/data1/liugengyuan/models/OneThinker,20.0,100.0,154.0,2.068891725540161,0.005310897478594487,0.9949266225099563,0.0025540003674268904,0.4130396378412843,0.12793608575260326,0.4423361795395613,0.08815356364085439,0.08094732699915767,0.02571606839394045
OneThinker,/data1/liugengyuan/models/OneThinker,21.0,100.0,154.0,2.0681717658042906,0.004963813970444918,0.994580389559269,0.0023870915802468727,0.42490385377779605,0.12820829227188102,0.45676369734108446,0.08181192252719989,0.08506927236914635,0.02341372935589948
OneThinker,/data1/liugengyuan/models/OneThinker,22.0,100.0,154.0,2.053408718109131,0.007353212217842431,0.987480862736702,0.003536148982539779,0.5930595685914158,0.16165623955154185,0.6350886459648609,0.07171071084186433,0.046956779118627306,0.009408352335823917
OneThinker,/data1/liugengyuan/models/OneThinker,23.0,100.0,154.0,2.062405458688736,0.006699984974453821,0.9918073827028274,0.003222010434327545,0.5090659641101957,0.1427480363878164,0.5402907848358154,0.08363340229444331,0.07908717673271895,0.015918572283641706
OneThinker,/data1/liugengyuan/models/OneThinker,24.0,100.0,154.0,2.055806180238724,0.009307459878949273,0.9886338004469871,0.004475941487242938,0.5725560957193374,0.1546243165088558,0.6068629252910615,0.09368998651744032,0.11210759216919541,0.024469443556987765
OneThinker,/data1/liugengyuan/models/OneThinker,25.0,100.0,154.0,2.0394524788856505,0.007486374295980648,0.980769334435463,0.003600186872860139,0.7037469000555575,0.18557833275774652,0.7520949199795723,0.05378894931474142,0.07537268050014972,0.012809109959679084
OneThinker,/data1/liugengyuan/models/OneThinker,26.0,100.0,154.0,2.0426524913311006,0.008549638888074883,0.9823082134127616,0.004111506465331653,0.6852187453024089,0.17232555364920657,0.7290629237890244,0.0635371465675775,0.10350052420049906,0.016216552327199225
OneThinker,/data1/liugengyuan/models/OneThinker,27.0,100.0,154.0,2.04052502989769,0.008775184012895216,0.9812851226329804,0.0042199733963918535,0.6924448696337641,0.1854731839856558,0.7421286585927009,0.06522897525727445,0.085326236654073,0.01314307221836532
OneThinker,/data1/liugengyuan/models/OneThinker,28.0,100.0,154.0,2.0520259296894072,0.008686829879664818,0.9868158850073815,0.004177480616267495,0.6021192877925933,0.16847306942891918,0.6464798188209534,0.08009129061036283,0.1049589017406106,0.015488821057141248
OneThinker,/data1/liugengyuan/models/OneThinker,29.0,100.0,154.0,2.04117182970047,0.007362910660348469,0.9815961673855782,0.00354081212920718,0.6881638250499964,0.18491050810910173,0.7397727999091148,0.054588767601351326,0.0958228624984622,0.01442183473377229
OneThinker,/data1/liugengyuan/models/OneThinker,30.0,100.0,154.0,2.0424633729457855,0.008968699654553146,0.9822172662615776,0.004313032210624571,0.6759519935585558,0.18677324068946438,0.730944647192955,0.06517940928825272,0.0799711524322629,0.011744436801481056
OneThinker,/data1/liugengyuan/models/OneThinker,31.0,100.0,154.0,2.0428872287273405,0.00890974481042989,0.9824210971593856,0.004284681153916418,0.6724074405990541,0.184759010520737,0.7244999235868455,0.06762911477119637,0.09897159732878208,0.014735243641718975
OneThinker,/data1/liugengyuan/models/OneThinker,32.0,100.0,154.0,2.0420498979091644,0.007820723101836277,0.9820184290409089,0.0037609752737237274,0.6784295394271612,0.1877284011854603,0.7331554886698722,0.05754955617089052,0.07963084366172551,0.010893572719948175
OneThinker,/data1/liugengyuan/models/OneThinker,33.0,100.0,154.0,2.0429174864292143,0.008896643471866738,0.982435650229454,0.004278381538569068,0.6730024682357907,0.1820729954118419,0.7235238347947598,0.06855004202904297,0.09874225594103336,0.013096178591250413
OneThinker,/data1/liugengyuan/models/OneThinker,34.0,100.0,154.0,2.0574599516391756,0.00656739429654759,0.9894290989637375,0.0031582498993745238,0.5633965273946524,0.14059725034250284,0.5994771680235863,0.06651600248308086,0.09133059339597821,0.012142043671158663
OneThinker,/data1/liugengyuan/models/OneThinker,35.0,100.0,154.0,2.0774177825450897,0.000796730960270536,0.9990267866849899,0.0003831454345626982,0.26357076108455657,0.035978995739843776,0.2649050265550613,0.03433788100011454,0.07903478991240263,0.009886892977764508
Auto-Video-R1,/data1/liugengyuan/models/Auto-Video-R1,0.0,100.0,100.0,2.077289509773254,0.000905521926935991,0.9989650976657868,0.0004354658607948812,0.1163906379789114,0.04152395821642968,0.2442801897227764,0.03955728276742184,0.1127424617111683,0.034021372694212015
Auto-Video-R1,/data1/liugengyuan/models/Auto-Video-R1,1.0,100.0,100.0,2.078210299015045,0.0008570839042397053,0.9994079065322876,0.0004121736122651363,0.1047883216291666,0.024311560197649424,0.23115668311715126,0.032432165325211045,0.06875320142135025,0.01887458159138893
Auto-Video-R1,/data1/liugengyuan/models/Auto-Video-R1,2.0,100.0,100.0,2.0785029792785643,0.000613871138944838,0.9995486551523208,0.00029520800829654,0.19116462521255018,0.04258068644659466,0.20554848968982697,0.03451707175792207,0.09916613046079874,0.02521510465645023
Auto-Video-R1,/data1/liugengyuan/models/Auto-Video-R1,3.0,100.0,100.0,2.0782322573661802,0.0008768813076068969,0.9994184613227844,0.00042169095357856703,0.20242899276316165,0.05247306670429787,0.22189064517617227,0.04246701022873756,0.04441147169098258,0.009488840821349813
Auto-Video-R1,/data1/liugengyuan/models/Auto-Video-R1,4.0,100.0,100.0,2.0784401679039,0.0005511680207890613,0.9995184475183487,0.00026505342540657223,0.1711951743066311,0.041792736285589334,0.2047576430439949,0.031920738504810586,0.054539908543229106,0.006002073075403135
Auto-Video-R1,/data1/liugengyuan/models/Auto-Video-R1,5.0,100.0,100.0,2.0784254384040834,0.001168413684507195,0.9995113664865494,0.0005618871647199839,0.15244228158146142,0.03780619563711738,0.20709576904773713,0.041932419549500166,0.040737645272165536,0.008621734315082391
Auto-Video-R1,/data1/liugengyuan/models/Auto-Video-R1,6.0,100.0,100.0,2.0783650159835814,0.0010633918286019359,0.9994823044538498,0.0005113830991469231,0.14922718845307828,0.032973849359604894,0.21525991693139077,0.040084206662708684,0.039792118929326534,0.008161147087321128
Auto-Video-R1,/data1/liugengyuan/models/Auto-Video-R1,7.0,100.0,100.0,2.0783094429969786,0.0010690596068675833,0.9994555830955505,0.0005141081667213495,0.1425797799229622,0.038089316269914374,0.20928337499499322,0.04399227676432434,0.01663842510432005,0.003810079104665037
Auto-Video-R1,/data1/liugengyuan/models/Auto-Video-R1,8.0,100.0,100.0,2.0779501152038575,0.0009125958117490771,0.9992827814817429,0.0004388660394975169,0.20454006128013133,0.04372461624513864,0.2294573938846588,0.03935680842257621,0.03588562017306685,0.008276721279484919
Auto-Video-R1,/data1/liugengyuan/models/Auto-Video-R1,9.0,100.0,100.0,2.0777720522880556,0.001486898468328507,0.9991971522569656,0.0007150470990809799,0.20036948017776013,0.04866099878059478,0.23611399948596953,0.055884761328810297,0.032046954352408646,0.007833655155163185
Auto-Video-R1,/data1/liugengyuan/models/Auto-Video-R1,10.0,100.0,100.0,2.0773969960212706,0.0014868139484032023,0.9990167886018753,0.00071500600728713,0.17334505304694175,0.03830805358327419,0.25068116188049316,0.04957356159513979,0.05155798975378275,0.01073334999245419
Auto-Video-R1,/data1/liugengyuan/models/Auto-Video-R1,11.0,100.0,100.0,2.0763323163986205,0.0022915665999759336,0.9985047852993012,0.0011020088935655519,0.17750998210161925,0.047835387455953296,0.282345390021801,0.06025508315970676,0.029358155578374862,0.005083968057034643
Auto-Video-R1,/data1/liugengyuan/models/Auto-Video-R1,12.0,100.0,100.0,2.077367331981659,0.0015409086883527677,0.9990025234222412,0.0007410204686659771,0.2033229376003146,0.05022779788827984,0.2413419957458973,0.04897240553106186,0.05919408205896616,0.009889315640186164
Auto-Video-R1,/data1/liugengyuan/models/Auto-Video-R1,13.0,100.0,100.0,2.076528308391571,0.00351444930268959,0.9985990345478057,0.0016900944974257326,0.20436201874166726,0.055917913403316526,0.2620801953971386,0.07902572486138425,0.05891908045858145,0.015265793605882214
Auto-Video-R1,/data1/liugengyuan/models/Auto-Video-R1,14.0,100.0,100.0,2.076755475997925,0.002926546802734964,0.9987082833051681,0.0014073724009725436,0.13561116371303797,0.033644422688154124,0.2707230317592621,0.06875447014910274,0.046838157363235954,0.01053100198594418
Auto-Video-R1,/data1/liugengyuan/models/Auto-Video-R1,15.0,100.0,100.0,2.077013626098633,0.0023209342672291374,0.998832426071167,0.0011161336349901079,0.12256908252835273,0.02496409970404426,0.26579722940921785,0.06384330021789152,0.056643234230577946,0.011026554377186052
Auto-Video-R1,/data1/liugengyuan/models/Auto-Video-R1,16.0,100.0,100.0,2.076409573554993,0.002574909587672965,0.9985419392585755,0.001238269867969021,0.14037432342767717,0.026503830157734817,0.28949840158224105,0.06422339329046599,0.05061841329559684,0.010740181478779282
Auto-Video-R1,/data1/liugengyuan/models/Auto-Video-R1,17.0,100.0,100.0,2.0755991911888123,0.0019910893090114823,0.9981522262096405,0.000957512208090976,0.27202862419188023,0.08628580345016605,0.30244479402899743,0.06400172402627878,0.08505425170063972,0.024042918213633267
Auto-Video-R1,/data1/liugengyuan/models/Auto-Video-R1,18.0,100.0,100.0,2.074716532230377,0.0022290554702851795,0.9977277600765229,0.0010719455056279058,0.3015776402503252,0.09448082226929841,0.33015091791749,0.06131327235831879,0.17618468761444092,0.031704325957529915
Auto-Video-R1,/data1/liugengyuan/models/Auto-Video-R1,19.0,100.0,100.0,2.068538248538971,0.0040462564085676205,0.9947566294670105,0.0019458352767431244,0.421831462867558,0.13037051629667223,0.45584285527467727,0.06748435898956502,0.10107852801680565,0.015743167956304465
Auto-Video-R1,/data1/liugengyuan/models/Auto-Video-R1,20.0,100.0,100.0,2.062943971157074,0.006594135426066703,0.9920663523674011,0.0031711104698333935,0.4913201039656997,0.15496722014613798,0.5339560204744339,0.08232494812965667,0.1171737402677536,0.022362766022802346
Auto-Video-R1,/data1/liugengyuan/models/Auto-Video-R1,21.0,100.0,100.0,2.067065713405609,0.005389359739338911,0.994048490524292,0.002591734653334022,0.44056030014529823,0.13850898112189752,0.4755376636981964,0.0829142373631979,0.1327460353076458,0.029404464087325864
Auto-Video-R1,/data1/liugengyuan/models/Auto-Video-R1,22.0,100.0,100.0,2.0563199520111084,0.007600202854605585,0.9888808757066727,0.003654923344142572,0.5651071792840958,0.16507912776266245,0.6101221823692322,0.07922873707080379,0.07779633320868015,0.012342842467916034
Auto-Video-R1,/data1/liugengyuan/models/Auto-Video-R1,23.0,100.0,100.0,2.050799469947815,0.007195891738470323,0.9862260836362838,0.00346049186309631,0.6170676058530807,0.1741006723608555,0.6645685029029846,0.06581342235695356,0.10480129837989807,0.014865454504060932
Auto-Video-R1,/data1/liugengyuan/models/Auto-Video-R1,24.0,100.0,100.0,2.044235587120056,0.0074872724109635,0.9830695182085037,0.0036006166180926756,0.6728190940991045,0.17541356318967496,0.7177889648079873,0.06247969133744642,0.14109417647123337,0.019522525848418924
Auto-Video-R1,/data1/liugengyuan/models/Auto-Video-R1,25.0,100.0,100.0,2.032852625846863,0.006675571259514221,0.977595477104187,0.003210276469782692,0.7390240822173655,0.20827061972611333,0.7980128955841065,0.05053516688445925,0.1036641000956297,0.013123127111354788
Auto-Video-R1,/data1/liugengyuan/models/Auto-Video-R1,26.0,100.0,100.0,2.0208060050010683,0.0063657346230575245,0.9718022733926773,0.0030612745147943782,0.8084327696077526,0.2240335686950101,0.8691808658838273,0.0458732857110477,0.13681080788373948,0.018299377432979148
Auto-Video-R1,/data1/liugengyuan/models/Auto-Video-R1,27.0,100.0,100.0,2.031038210391998,0.006855294227146349,0.9767229253053665,0.003296702480778149,0.7529851518571377,0.2059127619071774,0.8092376431822776,0.05143776715823173,0.12624097019433975,0.014095707787981351
Auto-Video-R1,/data1/liugengyuan/models/Auto-Video-R1,28.0,100.0,100.0,2.029565575122833,0.006546090233890273,0.9760147368907929,0.0031480048772872613,0.7571114491671324,0.2155145232213172,0.8183327940106392,0.04942240110330525,0.14572856470942497,0.01652298570763679
Auto-Video-R1,/data1/liugengyuan/models/Auto-Video-R1,29.0,100.0,100.0,2.0248027086257934,0.0064765947779739305,0.9737242817878723,0.00311458604059215,0.785143259651959,0.22076035311525993,0.8466210132837295,0.04747384106894653,0.13843642525374888,0.01784304754498917
Auto-Video-R1,/data1/liugengyuan/models/Auto-Video-R1,30.0,100.0,100.0,2.0231677961349486,0.0059861103941035235,0.9729380559921265,0.0028787111705320897,0.7921944005042314,0.22663252359488126,0.8561088347434997,0.04542658971404842,0.1216238060593605,0.014474789557802516
Auto-Video-R1,/data1/liugengyuan/models/Auto-Video-R1,31.0,100.0,100.0,2.0275194215774537,0.0062442236521897355,0.9750307458639145,0.00300283536087379,0.7690823393315077,0.21856233846773657,0.8309533414244652,0.046656950520578735,0.14388292476534845,0.017128544397396042
Auto-Video-R1,/data1/liugengyuan/models/Auto-Video-R1,32.0,100.0,100.0,2.027529013156891,0.00604367981637691,0.9750353574752808,0.0029063948438867383,0.7681171791628003,0.22027726256308935,0.8309624820947648,0.045895931426676244,0.11011026620864868,0.012725465990933334
Auto-Video-R1,/data1/liugengyuan/models/Auto-Video-R1,33.0,100.0,100.0,2.021806161403656,0.0064462613466201085,0.9722832489013672,0.0030999975509898342,0.7983009280171245,0.22911992606744727,0.8635944053530693,0.04685501047594979,0.14480243884027005,0.01730476288364269
Auto-Video-R1,/data1/liugengyuan/models/Auto-Video-R1,34.0,100.0,100.0,2.0439206624031065,0.006428615640396406,0.9829180717468262,0.0030915108950706487,0.6692554838582874,0.18396666790786423,0.7219159808754921,0.053356995439492155,0.11302744925022125,0.013093429052884624
Auto-Video-R1,/data1/liugengyuan/models/Auto-Video-R1,35.0,100.0,100.0,2.0778466510772704,0.0006620955402275721,0.9992330294847488,0.00031840118753551495,0.2320660811662674,0.033385458855236694,0.23770199596881866,0.03254135350279042,0.05325078468769789,0.007410214061251173
FAVOR,/data1/liugengyuan/models/FAVOR0.5-8B,0.0,100.0,17346.0,2.078040552094931,0.00031627320742277617,0.9993262738119129,0.00015209535801382612,0.0916679887356005,0.016632201227369886,0.22126342422608863,0.013074502144549808,0.09103128444517403,0.02137160473276674
FAVOR,/data1/liugengyuan/models/FAVOR0.5-8B,1.0,100.0,17346.0,2.0786762764123137,0.000290905098327473,0.9996319927633777,0.00013989570957991876,0.10992103683696537,0.017051288459714896,0.19498612846380772,0.015568439323862274,0.07233944221914491,0.022805864474531392
FAVOR,/data1/liugengyuan/models/FAVOR0.5-8B,2.0,100.0,17346.0,2.078536626247797,0.00042827398193357905,0.9995648350544069,0.00020595633626071662,0.16417307790009944,0.03465596476217245,0.20087473638667358,0.02073913477120264,0.06802297286332137,0.01701520140007074
FAVOR,/data1/liugengyuan/models/FAVOR0.5-8B,3.0,100.0,17346.0,2.0775968927496695,0.0009696603298826028,0.9991129185869072,0.0004663080968998127,0.2052434638914204,0.05555467469937372,0.23808095658659897,0.03407702926524618,0.02811583084094007,0.006101709599928393
FAVOR,/data1/liugengyuan/models/FAVOR0.5-8B,4.0,100.0,17346.0,2.0782141737143927,0.0007135746417161229,0.99940976805857,0.0003431569948790563,0.1542687743860226,0.045123480694893824,0.21491352176257816,0.028569400328115,0.026811366299202694,0.005573216972778359
FAVOR,/data1/liugengyuan/models/FAVOR0.5-8B,5.0,100.0,17346.0,2.07822498069319,0.0008351497671152532,0.9994149649788321,0.0004016222592269287,0.15277814527385608,0.04269410146021354,0.21270738092826746,0.029856806991951052,0.0332169227531099,0.0074849015221580655
FAVOR,/data1/liugengyuan/models/FAVOR0.5-8B,6.0,100.0,17346.0,2.077860668484403,0.0010609757997548889,0.9992397680397426,0.0005102214194711343,0.17864478812119886,0.04259903135973125,0.2272047403180446,0.03301907042222455,0.03245053917957755,0.0069010242489923644
FAVOR,/data1/liugengyuan/models/FAVOR0.5-8B,7.0,100.0,17346.0,2.0768498261378205,0.0014021441766130353,0.9987536550697079,0.0006742886403235894,0.15599900941915418,0.04804456489612655,0.2552311510493719,0.03552381467831703,0.01280605103966523,0.003863174134686231
FAVOR,/data1/liugengyuan/models/FAVOR0.5-8B,8.0,100.0,17346.0,2.0773016581395978,0.0011440860623282577,0.9989709408638106,0.0005501889609723956,0.20877238214181174,0.051835639000863,0.2488618760908573,0.03507865505471114,0.02797005539331503,0.005036416205777254
FAVOR,/data1/liugengyuan/models/FAVOR0.5-8B,9.0,100.0,17346.0,2.0761131527376264,0.001546778949201667,0.9983993904159195,0.0007438433593516579,0.21723718266439884,0.06638587556462183,0.2786586907475256,0.03882343950854736,0.033289551442932226,0.008178193621903992
FAVOR,/data1/liugengyuan/models/FAVOR0.5-8B,10.0,100.0,17346.0,2.0776254291021017,0.0008870939889478105,0.9991266416063602,0.0004266019245109379,0.1628986404917675,0.04459863519735533,0.23621552920811856,0.028678151428804737,0.03963598238184871,0.007662873074285284
FAVOR,/data1/liugengyuan/models/FAVOR0.5-8B,11.0,100.0,17346.0,2.0769437121428074,0.001425666700237522,0.9987988051567694,0.0006856009233257372,0.18956367663264995,0.055490057478848255,0.2542695207308514,0.037904941698828146,0.03527987360925816,0.008224465699702104
FAVOR,/data1/liugengyuan/models/FAVOR0.5-8B,12.0,100.0,17346.0,2.076582759955518,0.0013079977020572704,0.9986252240954251,0.0006290138403584,0.22042456873440877,0.06769395562471393,0.2699776605649138,0.03927116514845512,0.0434830009356262,0.009887642232793325
FAVOR,/data1/liugengyuan/models/FAVOR0.5-8B,13.0,100.0,17346.0,2.076877275908088,0.0011041096339095453,0.9987668560003138,0.0005309644359007753,0.19706336753633444,0.05054377747546478,0.258659323010571,0.029305295540137118,0.054236597586071605,0.01330112049795294
FAVOR,/data1/liugengyuan/models/FAVOR0.5-8B,14.0,100.0,17346.0,2.077580148252892,0.0009174699972725689,0.9991048663449821,0.0004412097942037958,0.15385823607659294,0.04292240335913481,0.2356538422580439,0.028824396461377504,0.04281112070553747,0.010376779688252362
FAVOR,/data1/liugengyuan/models/FAVOR0.5-8B,15.0,100.0,17346.0,2.077224298417259,0.0011250254429913185,0.9989337386458884,0.0005410228831984049,0.1555073413456092,0.03628263663904674,0.24066285501649143,0.030239464771002596,0.06034011065501062,0.014565697739017504
FAVOR,/data1/liugengyuan/models/FAVOR0.5-8B,16.0,100.0,17346.0,2.0769120444312588,0.0011040311180685683,0.9987835761662722,0.0005309263767079706,0.1884742882007856,0.042855938361486184,0.2573152478017127,0.03177208569565492,0.043866407462726326,0.011107058843678222
FAVOR,/data1/liugengyuan/models/FAVOR0.5-8B,17.0,100.0,17346.0,2.0631030759161786,0.005956277330988216,0.9921428657348856,0.0028643638983363393,0.4211695639339329,0.09830683587998962,0.4678036849861197,0.06854993605876944,0.07650107022597816,0.01815892265327408
FAVOR,/data1/liugengyuan/models/FAVOR0.5-8B,18.0,100.0,17346.0,2.059332458557063,0.005916600220615727,0.9903295821584495,0.002845283312855536,0.4758613765453603,0.09528217152077056,0.5150143131605581,0.06311098989029293,0.09080165468750351,0.019124520287185316
FAVOR,/data1/liugengyuan/models/FAVOR0.5-8B,19.0,100.0,17346.0,2.0450610155631583,0.007471208357594423,0.983466468976994,0.0035928918681496073,0.6389575404192221,0.11394305364430386,0.6624144528310716,0.06606336760985733,0.07896212151706088,0.014134979360299301
FAVOR,/data1/liugengyuan/models/FAVOR0.5-8B,20.0,100.0,17346.0,2.0508303296934263,0.007603463365374925,0.9862409226621428,0.003656492768901579,0.5683544771854622,0.11175428067913201,0.6046491737458133,0.07063408388387186,0.09958820224073345,0.02133675333879147
FAVOR,/data1/liugengyuan/models/FAVOR0.5-8B,21.0,100.0,17346.0,2.056527050043534,0.006372729687139674,0.9889804659601097,0.0030646353748221495,0.5168125923964932,0.10113710748864041,0.5553900256918669,0.0648045738548679,0.10510374512426447,0.020418364510492403
FAVOR,/data1/liugengyuan/models/FAVOR0.5-8B,22.0,100.0,17346.0,2.0434364840285135,0.007427107425138657,0.9826852345739883,0.003571683721976206,0.674367800058278,0.1122060242131612,0.6910076862936001,0.0635950925908955,0.08016266696753226,0.011706555850953187
FAVOR,/data1/liugengyuan/models/FAVOR0.5-8B,23.0,100.0,17346.0,2.0521476299879358,0.006751490723616981,0.986874410314181,0.0032467806423452246,0.5736518544001982,0.1063146907840241,0.6002454977241289,0.06698821525752273,0.09342696579174206,0.017732759932337857
FAVOR,/data1/liugengyuan/models/FAVOR0.5-8B,24.0,100.0,17346.0,2.051329429573344,0.006439209966429766,0.9864809388863882,0.0030966052714446906,0.5891329074594222,0.10330375342279671,0.6124831665905571,0.062318107404190796,0.13781905878458828,0.02290842114912474
FAVOR,/data1/liugengyuan/models/FAVOR0.5-8B,25.0,100.0,17346.0,2.0407231258091048,0.006909877279451859,0.9813803849625472,0.0033229487744248242,0.703677190965962,0.11021003970768407,0.719669681096624,0.05431238153418409,0.09881404830703389,0.011429781439267192
FAVOR,/data1/liugengyuan/models/FAVOR0.5-8B,26.0,100.0,17346.0,2.038233908682882,0.0066440727591024745,0.9801833244848613,0.003195123528474239,0.7083091444582748,0.11130085240355389,0.725242172617895,0.0560100236243907,0.12160689480171533,0.015968511205948634
FAVOR,/data1/liugengyuan/models/FAVOR0.5-8B,27.0,100.0,17346.0,2.0382511307143623,0.006618992888329026,0.9801916066566924,0.0031830627258496993,0.7228779069241473,0.11101770715264037,0.738870914030798,0.05113697401059363,0.10876348564137539,0.01250022082378194
FAVOR,/data1/liugengyuan/models/FAVOR0.5-8B,28.0,100.0,17346.0,2.048652651379777,0.00688007896420175,0.98519368055126,0.003308618712511486,0.6264794646080111,0.10553282985289611,0.6438724781662777,0.06258765417579358,0.11427089601900489,0.01561629487510489
FAVOR,/data1/liugengyuan/models/FAVOR0.5-8B,29.0,100.0,17346.0,2.0382136971888074,0.006680057800385441,0.9801736048557396,0.0032124288642083167,0.7115815302625276,0.11181791505966454,0.7293017229753174,0.05464172137439336,0.12419735622433847,0.016668296186531623
FAVOR,/data1/liugengyuan/models/FAVOR0.5-8B,30.0,100.0,17346.0,2.0318764365631274,0.00583987855349648,0.9771260269216093,0.0028083881317418117,0.7706220761352889,0.11418194897087433,0.7874842618379073,0.04134071582294701,0.09703124609502382,0.01052951609406935
FAVOR,/data1/liugengyuan/models/FAVOR0.5-8B,31.0,100.0,17346.0,2.0350160235325667,0.005973368059309753,0.9786358490554619,0.0028725827915878103,0.7370719994061514,0.11142138593836909,0.7540864949430144,0.0465770848824591,0.1136306553388578,0.013551957813298602
FAVOR,/data1/liugengyuan/models/FAVOR0.5-8B,32.0,100.0,17346.0,2.0324588786177533,0.006367994175710952,0.9774061220272166,0.0030623579304233256,0.7643982396728145,0.11533151188227352,0.7814698356819939,0.04602685010095709,0.09810102563880108,0.011048526131762186
FAVOR,/data1/liugengyuan/models/FAVOR0.5-8B,33.0,100.0,17346.0,2.0391691295967487,0.005938630697798368,0.9806330705401678,0.002855877529287276,0.7008306295880289,0.10789496869217174,0.7180436053422438,0.04915318062064148,0.1245530765723232,0.016234947272896847
FAVOR,/data1/liugengyuan/models/FAVOR0.5-8B,34.0,100.0,17346.0,2.0487151275251603,0.005749966457217582,0.985223725333422,0.002765149417140401,0.6397236900025792,0.09922930002389743,0.6546255676569642,0.0525838835159545,0.09828750687910874,0.012032468979676247
FAVOR,/data1/liugengyuan/models/FAVOR0.5-8B,35.0,100.0,17346.0,2.078621974407247,0.00034865749243405815,0.9996058787363405,0.00016766853636402207,0.18366533347518918,0.02903238921583982,0.20088368181260943,0.01960518372308506,0.03976906445731782,0.00663344471453448
Qwen3-VL-Thinking,/data1/liugengyuan/models/Qwen3-VL-8B-Thinking,0.0,100.0,25518.0,2.078145251983814,0.0003933479606846466,0.9993766234820778,0.00018916044876770045,0.10031561127551784,0.022805735760709975,0.21808485162199517,0.017742775365436846,0.07813976262566032,0.023528451302612868
Qwen3-VL-Thinking,/data1/liugengyuan/models/Qwen3-VL-8B-Thinking,1.0,100.0,25518.0,2.0784847027388396,0.00048713345464408806,0.9995398652331954,0.00023426177307481007,0.11254124831539379,0.022699648568829785,0.20298176104465354,0.02095564053003858,0.04258744173844556,0.01679055958150193
Qwen3-VL-Thinking,/data1/liugengyuan/models/Qwen3-VL-8B-Thinking,2.0,100.0,25518.0,2.0783845455220624,0.0006009800461852816,0.9994916997446782,0.0002890102568789607,0.17361840040476997,0.038469469117322845,0.20769207325774314,0.025116325132847395,0.05705293256573288,0.018551302180145814
Qwen3-VL-Thinking,/data1/liugengyuan/models/Qwen3-VL-8B-Thinking,3.0,100.0,25518.0,2.0764763748188617,0.0018082555818724935,0.9985740633478902,0.0008695871329113291,0.2245320785730137,0.06712829248447703,0.26768691305873377,0.0451992609137159,0.023557645526161734,0.00915123381398811
Qwen3-VL-Thinking,/data1/liugengyuan/models/Qwen3-VL-8B-Thinking,4.0,100.0,25518.0,2.077287354450006,0.0016012590991804285,0.9989640623617084,0.0007700427820060292,0.19569149032188712,0.062402198541473095,0.2471015808462952,0.047550454628669435,0.021417824018911527,0.008255261915500429
Qwen3-VL-Thinking,/data1/liugengyuan/models/Qwen3-VL-8B-Thinking,5.0,100.0,25518.0,2.077893926052232,0.0011109255046717328,0.9992557614782309,0.0005342422344929618,0.16460267891331803,0.05018495166518917,0.22499652144294593,0.038702683492730906,0.02652801497417613,0.008806100924898853
Qwen3-VL-Thinking,/data1/liugengyuan/models/Qwen3-VL-8B-Thinking,6.0,100.0,25518.0,2.077626152403042,0.0011057834942242999,0.9991269896318583,0.0005317697208085283,0.1916017373766863,0.0486133348298216,0.2355022293785176,0.03552809919887299,0.02866263476725376,0.008835481290991978
Qwen3-VL-Thinking,/data1/liugengyuan/models/Qwen3-VL-8B-Thinking,7.0,100.0,25518.0,2.076525986523626,0.0019112476722139204,0.9985979215338938,0.0009191157907702996,0.17108430322888035,0.05708929022165623,0.25685340170082327,0.041815386277824565,0.014191631209421319,0.00611191157631445
Qwen3-VL-Thinking,/data1/liugengyuan/models/Qwen3-VL-8B-Thinking,8.0,100.0,25518.0,2.0773818511998576,0.0011044175859341366,0.999009505579666,0.0005311126506635043,0.19453710235458882,0.05574122732573185,0.2437336389671438,0.0351288858459902,0.03239969538344147,0.01033994955688905
Qwen3-VL-Thinking,/data1/liugengyuan/models/Qwen3-VL-8B-Thinking,9.0,100.0,25518.0,2.075730218730174,0.001989527091979338,0.9982152382785499,0.0009567601275658498,0.21516726629161467,0.07257625163412504,0.2860857322659144,0.0460594158129356,0.03794027361388231,0.014447934886538566
Qwen3-VL-Thinking,/data1/liugengyuan/models/Qwen3-VL-8B-Thinking,10.0,100.0,25518.0,2.077539676191179,0.0009945423592828979,0.9990854031277888,0.0004782737586464346,0.1640521105818295,0.05179531552082688,0.23777970555141936,0.03300574000437873,0.03375986416317886,0.010659153835723589
Qwen3-VL-Thinking,/data1/liugengyuan/models/Qwen3-VL-8B-Thinking,11.0,100.0,25518.0,2.076688574520107,0.0017026353626373942,0.9986761099732644,0.0008187946754933431,0.1905479875283281,0.06144263113706927,0.25997788570925645,0.04379786061050428,0.03200295873894038,0.010383309843496313
Qwen3-VL-Thinking,/data1/liugengyuan/models/Qwen3-VL-8B-Thinking,12.0,100.0,25518.0,2.0759535840318346,0.0015370954785531475,0.9983226540422827,0.0007391866579068869,0.24061022153482742,0.07179966527001777,0.2868907885738857,0.04264118509435108,0.045124093133650574,0.014784362954445162
Qwen3-VL-Thinking,/data1/liugengyuan/models/Qwen3-VL-8B-Thinking,13.0,100.0,25518.0,2.0752676365828995,0.0019309992525803523,0.9979927832075439,0.0009286140432392623,0.23677237272238003,0.06698581996232235,0.29835842520245,0.038990682139170264,0.0617227088388886,0.023463353889221567
Qwen3-VL-Thinking,/data1/liugengyuan/models/Qwen3-VL-8B-Thinking,14.0,100.0,25518.0,2.07710198402158,0.00127395690747162,0.9988749180007713,0.0006126439187821476,0.17372317203767002,0.050476353356969414,0.24946172786802193,0.03409275888353932,0.0552132091635769,0.019358768736402125
Qwen3-VL-Thinking,/data1/liugengyuan/models/Qwen3-VL-8B-Thinking,15.0,100.0,25518.0,2.0760321386449605,0.0019445790538916647,0.9983604310275997,0.0009351446406815264,0.1725125401576474,0.05533776957900281,0.27184231054219493,0.03803664411713028,0.07432170910861896,0.025157077324082754
Qwen3-VL-Thinking,/data1/liugengyuan/models/Qwen3-VL-8B-Thinking,16.0,100.0,25518.0,2.076684419732685,0.0013402949791153729,0.9986741121596902,0.0006445455554046838,0.16301834285618486,0.05172303573308971,0.2605690335339573,0.034308564387362864,0.06359551315915461,0.022656791304175198
Qwen3-VL-Thinking,/data1/liugengyuan/models/Qwen3-VL-8B-Thinking,17.0,100.0,25518.0,2.0664106906292075,0.006524684053226962,0.9937334924984329,0.0031377098812494014,0.3810481515620754,0.10877811778407469,0.4283979637787171,0.08118905748763633,0.115450205632174,0.03508553342289214
Qwen3-VL-Thinking,/data1/liugengyuan/models/Qwen3-VL-8B-Thinking,18.0,100.0,25518.0,2.065081517376647,0.006510196690472453,0.993094295175473,0.0031307428787818235,0.3972392280670374,0.10383670355491188,0.44482274692400986,0.07877366596242541,0.13699755758977847,0.04211611247183335
Qwen3-VL-Thinking,/data1/liugengyuan/models/Qwen3-VL-8B-Thinking,19.0,100.0,25518.0,2.0530671201052813,0.00938397496853962,0.9873165915664083,0.004512737957312101,0.5588329196448611,0.11408769505623496,0.5823833471378723,0.09113546339779252,0.10604333866150134,0.028844965193500882
Qwen3-VL-Thinking,/data1/liugengyuan/models/Qwen3-VL-8B-Thinking,20.0,100.0,25518.0,2.0556650213900833,0.00874742008552178,0.9885659178231211,0.004206619892249769,0.49933879361431066,0.11728380563423144,0.5483389716034512,0.0883616234118465,0.13818211639310918,0.04169481114288077
Qwen3-VL-Thinking,/data1/liugengyuan/models/Qwen3-VL-8B-Thinking,21.0,100.0,25518.0,2.0592831335437283,0.007444600570965133,0.9903058622894487,0.00358009612285297,0.46940649871475093,0.11186365985068171,0.5190941763647997,0.08140581554614824,0.13836230707266847,0.03967843131080829
Qwen3-VL-Thinking,/data1/liugengyuan/models/Qwen3-VL-8B-Thinking,22.0,100.0,25518.0,2.0469144005952886,0.010264415984403998,0.9843577587681692,0.004936140757913137,0.6401474028306424,0.11132470561254287,0.652934609569469,0.08967651466555207,0.09620578556777297,0.022916143387408813
Qwen3-VL-Thinking,/data1/liugengyuan/models/Qwen3-VL-8B-Thinking,23.0,100.0,25518.0,2.0554175708656404,0.008460481388999356,0.9884469194059768,0.004068631585036789,0.5313485007314454,0.11373260302682851,0.5646503105278966,0.08706866181679737,0.12656081787572193,0.03422894985766493
Qwen3-VL-Thinking,/data1/liugengyuan/models/Qwen3-VL-8B-Thinking,24.0,100.0,25518.0,2.0554726914998773,0.007872872126089954,0.9884734269011143,0.0037860511830929418,0.5355680761992505,0.10968093169903613,0.5688021251869714,0.08211843938540878,0.16888195772803502,0.04476853212315882
Qwen3-VL-Thinking,/data1/liugengyuan/models/Qwen3-VL-8B-Thinking,25.0,100.0,25518.0,2.039509392628369,0.009139360624261936,0.9807967028549485,0.00439510340460051,0.7170661965778463,0.09873474405039856,0.7250530755201097,0.07085309316104847,0.11891001763858686,0.02000211035824585
Qwen3-VL-Thinking,/data1/liugengyuan/models/Qwen3-VL-8B-Thinking,26.0,100.0,25518.0,2.0408474988884926,0.00929823491375758,0.9814401956980361,0.004471505807659513,0.684275991499621,0.10541491798733993,0.6966292261444171,0.0796938912846836,0.15531497933717853,0.030006248394363125
Qwen3-VL-Thinking,/data1/liugengyuan/models/Qwen3-VL-8B-Thinking,27.0,100.0,25518.0,2.038650941119237,0.009030359046363932,0.980383874716258,0.0043426844726039086,0.7246146521090127,0.09892192585156405,0.7324098262391671,0.07046025763554158,0.12802530587367592,0.02233932092997292
Qwen3-VL-Thinking,/data1/liugengyuan/models/Qwen3-VL-8B-Thinking,28.0,100.0,25518.0,2.0468532340567216,0.008837688332472681,0.9843283440145061,0.004250029726321558,0.6407316380045321,0.10299269645420789,0.653297466265914,0.07943345659338083,0.13857546744142055,0.028301738169543404
Qwen3-VL-Thinking,/data1/liugengyuan/models/Qwen3-VL-8B-Thinking,29.0,100.0,25518.0,2.0362480112303762,0.008756352647607464,0.979228309673367,0.004210915397009307,0.7248436239452674,0.10347478691424668,0.7385504274557704,0.07068696781927902,0.14333543365946572,0.029816858381550324
Qwen3-VL-Thinking,/data1/liugengyuan/models/Qwen3-VL-8B-Thinking,30.0,100.0,25518.0,2.028139684745184,0.007798990390212381,0.9753290291012827,0.0037505217466785026,0.8005932420437125,0.09462913084108167,0.8090300940039703,0.05382509949304276,0.1102272456333822,0.017422327490345522
Qwen3-VL-Thinking,/data1/liugengyuan/models/Qwen3-VL-8B-Thinking,31.0,100.0,25518.0,2.0307089968900893,0.008382526499909625,0.9765646070221459,0.004031143309546416,0.7769158626161015,0.09753146307618325,0.7856074452561355,0.06163191725290262,0.12843083288834609,0.023068902841759786
Qwen3-VL-Thinking,/data1/liugengyuan/models/Qwen3-VL-8B-Thinking,32.0,100.0,25518.0,2.025803572341291,0.00820073244658611,0.9742055963067228,0.003943718598342197,0.8142147448419271,0.09695964445047676,0.8227377610053033,0.05598874231178864,0.11185446423602706,0.018178376511744126
Qwen3-VL-Thinking,/data1/liugengyuan/models/Qwen3-VL-8B-Thinking,33.0,100.0,25518.0,2.0333202239225425,0.008441907822875286,0.9778203417838972,0.004059699634090227,0.7502278063906709,0.09868889650747936,0.7603973538200712,0.06491921535447541,0.14077497081603663,0.02797734293515021
Qwen3-VL-Thinking,/data1/liugengyuan/models/Qwen3-VL-8B-Thinking,34.0,100.0,25518.0,2.046710303228134,0.009157916327798436,0.9842596087164125,0.004404026882470649,0.6530807252297255,0.10165962374380479,0.6624642021643161,0.07982351924711811,0.11080017470839916,0.02244690849050045
Qwen3-VL-Thinking,/data1/liugengyuan/models/Qwen3-VL-8B-Thinking,35.0,100.0,25518.0,2.0779584277903314,0.0007563419170409651,0.9992867807135376,0.00036372371385412196,0.2184517027881909,0.04553692515318695,0.23256426268880978,0.033820357357917864,0.04164928598265313,0.011763119247281706
